{
  "project_info": {
    "project_number": "1093479271092",
    "firebase_url": "https://fir-demo-8c7c5.firebaseio.com",
    "project_id": "fir-demo-8c7c5",
    "storage_bucket": "fir-demo-8c7c5.appspot.com"
  },
  "client": [
    {
      "client_info": {
        "mobilesdk_app_id": "1:1093479271092:android:7250d7a9fff2608cc865e1",
        "android_client_info": {
          "package_name": "com.example.firebasedemo"
        }
      },
      "oauth_client": [
        {
          "client_id": "1093479271092-juupb8f44ajee1nntsjq42gpudgijkrb.apps.googleusercontent.com",
          "client_type": 3
        }
      ],
      "api_key": [
        {
          "current_key": "AIzaSyCeuVbksyZJ4ghE3h7mbLWgZlri4hZ1rtM"
        }
      ],
      "services": {
        "appinvite_service": {
          "other_platform_oauth_client": [
            {
              "client_id": "1093479271092-juupb8f44ajee1nntsjq42gpudgijkrb.apps.googleusercontent.com",
              "client_type": 3
            }
          ]
        }
      }
    }
  ],
  "configuration_version": "1"
}